File Name,File URL
YuushakeiNiShosu-OP1.webm,https://drive.google.com/file/d/1eMPL8iYvji8L9SNdlWGXIu2yUeAgWF_T/view?usp=drivesdk
ToumeiOtokoToNingenOnna-OP1.webm,https://drive.google.com/file/d/11sVziTF7_qOyQLuqS46UwYG8GlKemEy4/view?usp=drivesdk
SousouNoFrierenS2-OP1.webm,https://drive.google.com/file/d/1YN2WncUUmaUGq1y_2zdsf_La-Mr9IYbE/view?usp=drivesdk
OshiNoKoS3-OP2.webm,https://drive.google.com/file/d/1QUXAjyBV67Ze38g13fktqHSAjEehKYgo/view?usp=drivesdk
OshiNoKoS3-OP1.webm,https://drive.google.com/file/d/1Nz8ugEaccAJuOAGFcOUsg0hikTC5ZZv8/view?usp=drivesdk
HimesamaGoumonS2-OP1.webm,https://drive.google.com/file/d/1OSEahAePeRsUTVd8tR1IwkpAPET1DlIu/view?usp=drivesdk
JigokurakuS2-OP1.webm,https://drive.google.com/file/d/1_tqil8q3WY3eP-jlboPh8b_dWXK_hV6P/view?usp=drivesdk
Akudeki-OP1.webm,https://drive.google.com/file/d/1PkLCIGCHRfR3nca1rs8Q11sKsC26mD4o/view?usp=drivesdk
KayaChanWaKowakunai-OP1.webm,https://drive.google.com/file/d/1J_DMfPYU2HixbnbKQf7eyjW6bsmyUYtN/view?usp=drivesdk
SeihantaiNaKimiToBoku-OP1.webm,https://drive.google.com/file/d/1Slk1ii0e9GFclSFQ2WRU_4TYi27DlM_L/view?usp=drivesdk
UruwashiNoYoiNoTsuki-OP1.webm,https://drive.google.com/file/d/12IzSGeqADmxWzx3FQM5xIlxA9t9oSaoF/view?usp=drivesdk
YuushaNoKuzu-OP1.webm,https://drive.google.com/file/d/1boVNu_w7isw6MeeY3ueMzDUAYr-Y5jQ8/view?usp=drivesdk
JingaiKyoushitsu-OP1.webm,https://drive.google.com/file/d/1VVx4GKzy_5hiqcxByFUIPOu2nrsz9vIH/view?usp=drivesdk
DeadAccount-OP1.webm,https://drive.google.com/file/d/11bkbf7u9zgvh6B23-LmHMftdByC_TOZC/view?usp=drivesdk
DoraTama-OP1.webm,https://drive.google.com/file/d/1adJLoRAFBmPh9vyg3LStcRa7KnJyiwy_/view?usp=drivesdk
DarkMoonKuroNoTsuki-OP1.webm,https://drive.google.com/file/d/12TD2u7swIUmX77bVscU1iwERP_eOv6m9/view?usp=drivesdk
HellMode-OP1.webm,https://drive.google.com/file/d/13dUlebPyZz3h7zt09U-aqtmTHzelaEqO/view?usp=drivesdk
TrigunStargaze-OP1.webm,https://drive.google.com/file/d/1D9BjM_R7xf8QC250tgYW9VLJtvAx4wrm/view?usp=drivesdk
EnenNoShouboutaiS3Part2-OP1.webm,https://drive.google.com/file/d/10USUU2VHznIi2_9BGvM8Vf5qWGcdw8VX/view?usp=drivesdk
KoishimaS2-OP1.webm,https://drive.google.com/file/d/1o492qVd-NC3qU1-IpIaaRT9n-8JOFZDA/view?usp=drivesdk
OmaGoto-OP1.webm,https://drive.google.com/file/d/1MUGYl9v5j7gfPIuLY3paViSU9MZB1N6v/view?usp=drivesdk
MabotaiS2-OP1.webm,https://drive.google.com/file/d/19iaxWLPgT4MdPklFz8EHgdG8ls8UD3S0/view?usp=drivesdk
OdayakaKizoku-OP1.webm,https://drive.google.com/file/d/1-E1njcIE7mAZaMLRMBBwRMAbBzUlfGeY/view?usp=drivesdk
ShibouYuugi-OP1.webm,https://drive.google.com/file/d/1o9dzlD_V7yjfVkcp49Jk1f1RxWvDz2P_/view?usp=drivesdk
OkirakuRyoushu-OP1.webm,https://drive.google.com/file/d/1Ag5Qd9l-EbtD0h8dhZEGbSVgqHR3O1BI/view?usp=drivesdk
YuuKawa-OP1.webm,https://drive.google.com/file/d/1nueiqeJQnUO-4lEM7D_rKPQzyoodAH5O/view?usp=drivesdk
MaouNoMusumeWaYasashiSugiru-OP1.webm,https://drive.google.com/file/d/1jR8WnQ_BTYE_EPwwNr1su5SJ3Y93_GRe/view?usp=drivesdk
MayonakaHeartTune-OP1.webm,https://drive.google.com/file/d/1Cm_jxnCNq5O9Rtma9OKimIyycZyKFZXV/view?usp=drivesdk
JujutsuKaisenS3-OP1.webm,https://drive.google.com/file/d/1zJ3XEQv36AzegypId9zDHhZlbHHJUFuC/view?usp=drivesdk
ChampignonNoMajo-OP1.webm,https://drive.google.com/file/d/1LfrxU0P6rZnalvAMT0OD7j4DjpUwKKBi/view?usp=drivesdk
ArneNoJikenbo-OP1.webm,https://drive.google.com/file/d/1dpqClmcEKoqkQYCzvBjTkxJn-5UWisSx/view?usp=drivesdk
29SaiDokushinChuukenBoukenshaNoNichijou-OP1.webm,https://drive.google.com/file/d/1-iw1BUlGV7iAykhiQetewwbhTw4n9xC_/view?usp=drivesdk
MFGhostS3-OP1.webm,https://drive.google.com/file/d/1NI6eIqyVX7uEDqJEMPskqlG3u6QpLStZ/view?usp=drivesdk
BokuNoHeroAcademiaVigilanteS2-OP1.webm,https://drive.google.com/file/d/1vBCmVc4skGEYOXmKyUx8ApbobEm97kZ1/view?usp=drivesdk
Osalove-OP1.webm,https://drive.google.com/file/d/1-u_zwQI4d-W2QHTKdBVAowdq5JOIdFqZ/view?usp=drivesdk
MajutsushiKunonWaMieteiru-OP1.webm,https://drive.google.com/file/d/1gsMeR0PgU2CAbXMG4ErBd924F9IyL3Z1/view?usp=drivesdk
KizokuTensei-OP1.webm,https://drive.google.com/file/d/1AuLqsm7sd9S534Ys-nIl2CVE-EVYxjfr/view?usp=drivesdk
KireiNiShitemoraemasuKa-OP1.webm,https://drive.google.com/file/d/175zRLTrPCyCP1oFlzmC7Iv1djuihY8N0/view?usp=drivesdk
IkokuNikki-OP1.webm,https://drive.google.com/file/d/104ZOJtBHJpwzup6oZ0_kMEpn6-TUcmQH/view?usp=drivesdk
Hanakimi-OP1.webm,https://drive.google.com/file/d/1xQNlD7Z3-yukqdtw68Cnup57WI-6RSZ4/view?usp=drivesdk
GoumonBaitoKun-OP1.webm,https://drive.google.com/file/d/1kyPNAPDETAdTKITBgkdhXx8VLHIKY_6R/view?usp=drivesdk
FateStrangeFake-OP1.webm,https://drive.google.com/file/d/1u-ncMyXTkiYsnbFxsgl4LmhNF8QowI3d/view?usp=drivesdk
YuushaPartyWoOidasaretaKiyouBinbou-OP1.webm,https://drive.google.com/file/d/1pvtFT8m3oNq9qMdm48AGHAW3tykf7FZl/view?usp=drivesdk
TamonKunImaDocchi-OP1.webm,https://drive.google.com/file/d/1cmJDpV-EvyueCW2eVtP3eNP8CNT-mFmu/view?usp=drivesdk
KekkonYubiwaMonogatariS2-OP1.webm,https://drive.google.com/file/d/1aYnmtGnzvh78djDBtQ7_grLCOkb4gIwH/view?usp=drivesdk
OnePiece-OP27.webm,https://drive.google.com/file/d/1z4vo1imqo4SnBrHc6AVtW2qMYkyV9O1a/view?usp=drivesdk
BeybladeX-OP3.webm,https://drive.google.com/file/d/1K3PJYuqAbOxP2cAJc_83GnSZdG4-zS1U/view?usp=drivesdk
ShinChanOpening2025.mp4,https://drive.google.com/file/d/1FPSqA_pleP1xU0Gq28m3mAuRnFAOW-P5/view?usp=drivesdk
Tamahoshi-OP1.webm,https://drive.google.com/file/d/1BsMN4j6arUMWBULl3knND5WOXov7s6fR/view?usp=drivesdk
TojimaRider-OP1.webm,https://drive.google.com/file/d/1-yy7xqQKU0gtMV7MMywWWBFil8CC6fKr/view?usp=drivesdk
GinpachiSensei-OP1.webm,https://drive.google.com/file/d/1GNBUQYuCe2QmjeozbK8CZsz6LylmV-Da/view?usp=drivesdk
SIVISTheSoundOfHeroes-OP1.webm,https://drive.google.com/file/d/1t3auN2OplX6kKrCgn1SSRJ8WphJCKXWs/view?usp=drivesdk
WanDance-OP1.webm,https://drive.google.com/file/d/1ofJjHY3brtQ3zv65Yup28GV2nYcxmFwp/view?usp=drivesdk
Chiramune-OP1.webm,https://drive.google.com/file/d/1_BYhY1KLimuGNda6zGigd9WF34ZAHhuH/view?usp=drivesdk
ProjectSekaiKowaretaSekaiToUtaenaiMiku-OP1.webm,https://drive.google.com/file/d/1_B0oE0n-QKlrqj-Gvi1q7W0_Ji705GUB/view?usp=drivesdk
Copia de KekkonYubiwaMonogatariS2-OP1.webm,https://drive.google.com/file/d/1rnT7QjIytgff3Q4DJZ1ecep2HKMyOkWb/view?usp=drivesdk
KimiToKoeteKoiNiNaru-OP1.webm,https://drive.google.com/file/d/1nUbWhPlC37Y7JjOXjaZxMWCRaa7Co8zb/view?usp=drivesdk
KakuriyoNoYadomeshiS2-OP1.webm,https://drive.google.com/file/d/186qQPMyNdLKVLXekeKR8Zc61Ld26uIqz/view?usp=drivesdk
TenseiAkujoNoKuroRekishi-OP1.webm,https://drive.google.com/file/d/1a2E5Fa5LYPLTssQDcqijvPD7-4E7yzki/view?usp=drivesdk
ChantoSuenaiKyuuketsukiChan-OP1.webm,https://drive.google.com/file/d/1AOk4GJg7ueyiE6xTyIrB5Pm9w-kUVIVg/view?usp=drivesdk
ShuumatsuTouring-OP1.webm,https://drive.google.com/file/d/1ec-W3xOSTtfwtfP7-JsAAbsDMbAftQmf/view?usp=drivesdk
TonsukiS2-OP1.webm,https://drive.google.com/file/d/1XrB2dWb1eC0ODTO6IBEmkNO7uyfacc_W/view?usp=drivesdk
NinjaToGokudou-OP1.webm,https://drive.google.com/file/d/1t-RkJLM3fRg8awKMwW1hJjbfKdPQiy31/view?usp=drivesdk
AoNoOrchestraS2-OP1.webm,https://drive.google.com/file/d/1_ZM3nM09iU9WxubyDbOL7ldBTs36RZS4/view?usp=drivesdk
EgaoNoTaenaiShokubaDesu-OP1.webm,https://drive.google.com/file/d/1ukDwEK_wMq1K1V21wu1FOwnoGbvMnrPb/view?usp=drivesdk
OnePunchManS3-OP1.webm,https://drive.google.com/file/d/1MioFT_gWGkCZFcaxbGwKsLeF5uIubXgc/view?usp=drivesdk
PrincessionOrchestra-OP2.webm,https://drive.google.com/file/d/1la9Ahc2lydHrJkVa_ry-BNw1ZOvvwgLp/view?usp=drivesdk
SpyXFamilyS3-OP1.webm,https://drive.google.com/file/d/1bhg2cXRzjTpPKiUtHqM01SNR-pWc9KkJ/view?usp=drivesdk
Sutetsuyo-OP1.webm,https://drive.google.com/file/d/1pcRBwB2rNwt8bnA3AzThUTI5va4r8lGz/view?usp=drivesdk
Hahanoha-OP1.webm,https://drive.google.com/file/d/1JCQBCg_-tDZRIYYId-Hs7mrGhrCwrp8B/view?usp=drivesdk
NagekiNoBoureiPart2-OP1.webm,https://drive.google.com/file/d/1Pf5ljCJm3Mz78v0rhrhSb4GkoMQz3ZT9/view?usp=drivesdk
AlmaChanWaKazokuNiNaritai-OP1.webm,https://drive.google.com/file/d/14sKIegP2C4GS2ZP_nilP7JEygIhxFVUi/view?usp=drivesdk
Debulove-OP1.webm,https://drive.google.com/file/d/1gtvNqhpuympSU77SpL5Lxn6uv_7gVx4X/view?usp=drivesdk
Ranma2024S2-OP1.webm,https://drive.google.com/file/d/1NTMKCW6r9vet7vfzNbe8dDrKvhzw4Xfy/view?usp=drivesdk
Hojomaho-OP1.webm,https://drive.google.com/file/d/1m4SO8niZ3EpIZO1FSBMPDtxnhtNcYMVi/view?usp=drivesdk
MugenGacha-OP1.webm,https://drive.google.com/file/d/1yIOpnA-_SW_gIal_QwSBcNahxSvxRSAA/view?usp=drivesdk
LastBoss-OP1.webm,https://drive.google.com/file/d/1SaDWWGfEdfl4cdTmx7JDMYEuWEBSAaQL/view?usp=drivesdk
KikaijikakeNoMarie-OP1.webm,https://drive.google.com/file/d/1i-w4grPV4ySgdE-oyGYQ-qZ54_UMNljh/view?usp=drivesdk
KashiwadaSanToOotaKun-OP1.webm,https://drive.google.com/file/d/1K0WyGug0algzU-ud37R4vSoSrwpa2ZsI/view?usp=drivesdk
UmaMusumeCinderellaGrayPart2-OP1.webm,https://drive.google.com/file/d/1N0kiubGzsxtAlZaMHf54zzmNKxbKUEA3/view?usp=drivesdk
FumetsuNoAnataES3-OP1.webm,https://drive.google.com/file/d/1XBdjpLMgtB6OZEfeKb4i1Lq5JQgxFb_v/view?usp=drivesdk
BokuNoHeroAcademiaS8-OP1.webm,https://drive.google.com/file/d/10c4NqTpxmwnLMyyz6ZagjplIDzOu0m7D/view?usp=drivesdk
Shabake-OP1.webm,https://drive.google.com/file/d/16mV95tM7vIyZ-PxOiq0Cqnk5NjRyHsvZ/view?usp=drivesdk
DigimonBeatbreak-OP1.webm,https://drive.google.com/file/d/1vwwULJf8VCbsqgb1pyclYuA8FsDlOwsF/view?usp=drivesdk
Sanda-OP1.webm,https://drive.google.com/file/d/1T6D03C2bWqQHj0JCZLnVunHWfNNyeqO8/view?usp=drivesdk
NoharaHiroshi-OP1.webm,https://drive.google.com/file/d/19dioT6Y6sqREg4trULnSplMdWZeRnkIC/view?usp=drivesdk
Imouza-OP1.webm,https://drive.google.com/file/d/1OH37nP4wgMXsG4V6_k1kwleSMEnPz5Wk/view?usp=drivesdk
Saihito-OP1.webm,https://drive.google.com/file/d/1CFGgc709_D918z4J8ib6UNvy0R07ra34/view?usp=drivesdk
AkujikiReijou-OP1.webm,https://drive.google.com/file/d/1QSuano0zx9NJrOl6o7ir0-Hec2Yy5TkI/view?usp=drivesdk
PotionWagamiWoTasukeru-OP1.webm,https://drive.google.com/file/d/1IVsOkrFSDTuoe5Owqvy1YrtwKd-W-PHp/view?usp=drivesdk
BukiyouNaSenpai-OP1.webm,https://drive.google.com/file/d/1KFGxnjyOd9wT0-mx2LTrs0sMZtd-fxop/view?usp=drivesdk
TowaNoYuugure-OP1.webm,https://drive.google.com/file/d/1pm-5J9biUognUSiklsP_iHuI4YrpDHd7/view?usp=drivesdk
SozaiSaishuka-OP1.webm,https://drive.google.com/file/d/1u4zYwhpLB2UUHnVDKWjTgDgCbR1koA-u/view?usp=drivesdk
Watatabe-OP1.webm,https://drive.google.com/file/d/1mj4vEDTw4yAluhgwz28l2zPvQDJhU-vh/view?usp=drivesdk
MushokuNoEiyuu-OP1.webm,https://drive.google.com/file/d/1gxyMWYW0ATAovk0IumOZDkewwoyR6lvr/view?usp=drivesdk
LetsPlayQuestDarakeNoMyLife-OP1.webm,https://drive.google.com/file/d/1nR5kES4jOEhsZPh_4eoiAL2bshXbclYm/view?usp=drivesdk
YanoKun-OP1.webm,https://drive.google.com/file/d/1WgoTWGG_Ef8fzUY1DBvytXX1ohXAD6-Z/view?usp=drivesdk
Gachiakuta-OP2.webm,https://drive.google.com/file/d/1waQ4q3ng5Gq9nAsovd6eGSHh2XlMB7Fs/view?usp=drivesdk
WatariKunNoxxGaHoukaiSunzen-OP2.webm,https://drive.google.com/file/d/1M5kpEy5ho9HiTD1ZpHKIQv6yAzHXZgtP/view?usp=drivesdk
TougenAnki-OP2.webm,https://drive.google.com/file/d/1Bx63ILo8G3OH4TctdIA872wvoXcDpqxU/view?usp=drivesdk
FutariSoloCamp-OP2.webm,https://drive.google.com/file/d/15ZK2O19qInOhHH-NBRPvw8kIULz9uyCw/view?usp=drivesdk
Muchusa-OP1.webm,https://drive.google.com/file/d/1LPt2-E-soo_Qp5xhkWmQHbYx_Vlve5-F/view?usp=drivesdk
CardfightVanguardDivinezS4-OP1.webm,https://drive.google.com/file/d/1GFEZ7VmoyFnJum5u5VjqbUh7jx2UdP38/view?usp=drivesdk
FutariSoloCamp-OP1.webm,https://drive.google.com/file/d/1NAAbIy5-6vVZdlqI-SwZdK_PO_vXILeV/view?usp=drivesdk
Turkey-OP2.webm,https://drive.google.com/file/d/1o65Se8Bp41xTKRMuS2tyVBMVyI1K-y05/view?usp=drivesdk
ToBeHeroX-OP2.webm,https://drive.google.com/file/d/1eX0lHwZCARthSsxGAXYb2mfWwM9B0utI/view?usp=drivesdk
KimiToIdolPrecure-OP2-TV.webm,https://drive.google.com/file/d/16ygkCgWbjo4hmYlc5_9d8zYosGhLr5Vv/view?usp=drivesdk
TrillionGame-OP2.webm,https://drive.google.com/file/d/1pKlKAUvojSCbGEIM7I6IB76i-v3ZolOY/view?usp=drivesdk
AmagamiSanChiNoEnmusubi-OP2.webm,https://drive.google.com/file/d/1GzAyeUDCBUoChYCT1cjppNp0p8ICkRhM/view?usp=drivesdk
DetectiveConan-OP59.webm,https://drive.google.com/file/d/178rOntY99Pa1Ph-XchJJnW_8GFp-2c5j/view?usp=drivesdk
AoNoMiburo-OP2.webm,https://drive.google.com/file/d/1-P0Zf9ePZn2IzDHueH1H6_Q95F-6sPf8/view?usp=drivesdk
ArifuretaS3-OP2.webm,https://drive.google.com/file/d/1kunuuSRRb7GehNXxorEKeiQkN-i3im2H/view?usp=drivesdk
Yohaji-OP2.webm,https://drive.google.com/file/d/1BzMPeH0SG40XqPUfFj69rKBXIHmr5S1K/view?usp=drivesdk
RurouniKenshin2023S2-OP2.webm,https://drive.google.com/file/d/15sXnBZUfvADJXU4gloHkt3JQCuVse5RD/view?usp=drivesdk
AoNoHako-OP2-NCBD1080.webm,https://drive.google.com/file/d/1-vk6X3YCNB24wVrkO8PFaYAQq-rN_CaY/view?usp=drivesdk
ShangrilaFrontierS2-OP2.webm,https://drive.google.com/file/d/18mKNFrLVDrU-5hNzPMjfwcKMV1pTiD-_/view?usp=drivesdk
Kaijuu8GouS2-OP1.webm,https://drive.google.com/file/d/10xwr_kQWWaasX7jrlIJV1eqZZyTntE5_/view?usp=drivesdk
SummerPockets-OP2.webm,https://drive.google.com/file/d/1QdAU4x59Cif5FrrxtsSB477vuEoBN34-/view?usp=drivesdk
KaraokeIko-OP1.webm,https://drive.google.com/file/d/1Y3JKDDWpUXYubwewgSxfCF9l6BYVf7lJ/view?usp=drivesdk
UtagoeWaMilleFeuille-OP1.webm,https://drive.google.com/file/d/1YC1V0eCgF0yP_nwMPDizb0V_sQnbO7bJ/view?usp=drivesdk
NukitashiTheAnimation-OP1.webm,https://drive.google.com/file/d/16WdFD18KmojYHYV9BQBhd_Ceu3hK0xtB/view?usp=drivesdk
PantyAndStockingWithGarterbeltS2-OP1.webm,https://drive.google.com/file/d/16_4OhtngzzX1RIFl6p0N_ydWN0j9Y3K8/view?usp=drivesdk
BulletBullet-OP1.webm,https://drive.google.com/file/d/1Y0Fasy4So0tXL05rY-mbY6su4lHsg4iT/view?usp=drivesdk
DainanaojiS2-OP1.webm,https://drive.google.com/file/d/1e497aQQL3qYTPckFaAy9Bge0n4zJ-cLI/view?usp=drivesdk
Turkey-OP1.webm,https://drive.google.com/file/d/15lnWJpjxXBgRfvsXXZWWbD-HOSAfnP2K/view?usp=drivesdk
BoueibuHaikara-OP1.webm,https://drive.google.com/file/d/14x7qiJo0pJP9AzSO83PIqTAPkywz-RIl/view?usp=drivesdk
SakamotoDaysPart2-OP1.webm,https://drive.google.com/file/d/1-J-NdQXUh4I7rLETxDtumwfgmMfTtylO/view?usp=drivesdk
TougenAnki-OP1.webm,https://drive.google.com/file/d/1OSDBqaUqj9IySG9o6NHdcEtHwMrs3Ukb/view?usp=drivesdk
Hikanatsu-OP1.webm,https://drive.google.com/file/d/1IhIWXiFT-YrTTy9e9iGFbcVF0ZzCDc1X/view?usp=drivesdk
Gachiakuta-OP1.webm,https://drive.google.com/file/d/1w_QpAaP7sXUeOb_u-aw-mH3LbjupVD1Z/view?usp=drivesdk
KizetsuYuusha-OP1.webm,https://drive.google.com/file/d/1YKLi1UYhxioW8E0DjvOkgGdcqp5sQNyX/view?usp=drivesdk
BisqueDollS2-OP1.webm,https://drive.google.com/file/d/1YIX8AeS-FPyYKLESN6OpPGCI47IE6SGs/view?usp=drivesdk
ArknightsS3-OP1.webm,https://drive.google.com/file/d/1QQmiyuqeMm9ZWtJVrfv_OslRvvKGvQEZ/view?usp=drivesdk
DrStoneS4Part2-OP1.webm,https://drive.google.com/file/d/1lruOgkmTfTbPGQgJ9qNRo9TFDSeaLDwI/view?usp=drivesdk
HotelInhumans-OP1.webm,https://drive.google.com/file/d/1MX3gTa3azT5Kj38Xv4N4lHT2pO-XHUwo/view?usp=drivesdk
FermatNoRyouri-OP1.webm,https://drive.google.com/file/d/1pOhOiLJcvqVjn6vfK8Ootzi1tPA9uRfv/view?usp=drivesdk
KizuDarakeSeijo-OP1.webm,https://drive.google.com/file/d/1o4cBkYJz_6Iu1et-BDeAoM6wKXVh8cNO/view?usp=drivesdk
Mikadono-OP1.webm,https://drive.google.com/file/d/1MOPSsuF12QfkHfl3zXJDSrjtOyX2m49I/view?usp=drivesdk
ShieldHeroS4-OP1.webm,https://drive.google.com/file/d/1GBHnB-nzzKmav-gMMVDJsZcLt4MTb2mF/view?usp=drivesdk
Clevatess-OP1.webm,https://drive.google.com/file/d/1fgfj1NJPku3dkhI2lngKG-l7lIfuEmuQ/view?usp=drivesdk
OsomatsuSanS4-OP1.webm,https://drive.google.com/file/d/1xYCNuX58tOKdscb16NGi3-N1ZpMQPfU2/view?usp=drivesdk
CuckoosS2-OP1.webm,https://drive.google.com/file/d/1OHneEH7WWJdVDVo3KEAU_hfJ3jOQoDJ7/view?usp=drivesdk
KanokariS4-OP1.webm,https://drive.google.com/file/d/1VjslN0CBhMTp5kc3iN3FSMuWUBm6TXz6/view?usp=drivesdk
JibakuShounenHanakoKunS2Part2-OP1.webm,https://drive.google.com/file/d/1BDVbvsi2d2h6xzzjoqQwAcbroFFKDntW/view?usp=drivesdk
PuniruS2-OP1.webm,https://drive.google.com/file/d/1Hr70xzVrenz7NZvAhgRTpSgj8RWP8R8h/view?usp=drivesdk
DekinNoMogura-OP1.webm,https://drive.google.com/file/d/1i_JJiXCh2JWiuFpfRGk7TIMAKIKGd2me/view?usp=drivesdk
Necronomico-OP1.webm,https://drive.google.com/file/d/1NFCmVMVWztR1apLzIFDMuOyA8Xl7lOz-/view?usp=drivesdk
BusamenGachiFighter-OP1.webm,https://drive.google.com/file/d/1V-RTnZHJXpfk8RW0ij3AFOw38MOzTOWw/view?usp=drivesdk
Nyailivi-OP1.webm,https://drive.google.com/file/d/1VnVuST0zezaQUP21OEvImUFpQxJi8ofM/view?usp=drivesdk
IsekaiMokushirokuMynoghra-OP1.webm,https://drive.google.com/file/d/1mneK5FhT3pFRJsHc4F50A9hHvPcNM2Bq/view?usp=drivesdk
FoodCourt-OP1.webm,https://drive.google.com/file/d/1_2hZKnz88se856EpeS-ihlPSf46XVvJN/view?usp=drivesdk
Mattan-OP1.webm,https://drive.google.com/file/d/1HG5-NFCz6LQx8irAxn3l78rbuLPUvqqt/view?usp=drivesdk
JihankiS2-OP1.webm,https://drive.google.com/file/d/1MrxY5XkRrFeec_BEMVnK63qhTqo3q9Ro/view?usp=drivesdk
RuriNoHouseki-OP1.webm,https://drive.google.com/file/d/1l9Doz4m3u3FeUJWihZX5RtVwJ_PHnWlB/view?usp=drivesdk
9NineRulersCrown-OP1.webm,https://drive.google.com/file/d/1mwdKyIkvjzJwOMSd5Dn4n5HQhSADSQiA/view?usp=drivesdk
GameCenterShoujo-OP1.webm,https://drive.google.com/file/d/1BgInqeBu8bLTnxPtxDfN87n9f20XmRQC/view?usp=drivesdk
Watanare-OP1.webm,https://drive.google.com/file/d/1CrMk9_jYq09gTMBUwblBUOfL2nZqBtXk/view?usp=drivesdk
GrandBlueS2-OP1.webm,https://drive.google.com/file/d/1ZwV45Jag5JKp9ivbP48ImAHcKbqOLhni/view?usp=drivesdk
AmeToKimiTo-OP1.webm,https://drive.google.com/file/d/1dacnPhTPQ91iRNxG24ZjiQnT01vTOipl/view?usp=drivesdk
Zutaboro-OP1.webm,https://drive.google.com/file/d/1aYEV2caAxxtt80HKZKqxSLPoZz7lPNQf/view?usp=drivesdk
BusuNiHanatabaWo-OP1.webm,https://drive.google.com/file/d/1nE4nsO449I4aQIMZMUzeMVlDDNdWnzeh/view?usp=drivesdk
CityTheAnimation-OP1.webm,https://drive.google.com/file/d/1ylAiZUkuUEKTnRvcXmn1Z86YpOa1u-Qr/view?usp=drivesdk
KaoruHana-OP1.webm,https://drive.google.com/file/d/1moMJBExme5wJw6wX68s_HuyU8RBqszP3/view?usp=drivesdk
AobutaSantaClaus-OP1.webm,https://drive.google.com/file/d/19FrCuHtjgaBrMzVEwN5D_KpDLM_ya7xn/view?usp=drivesdk
KoujoDenkaNoKateiKyoushi-OP1.webm,https://drive.google.com/file/d/1j0LdTq-SDnKLLvNGa_ecLb08ThnuJhzW/view?usp=drivesdk
Kamitsubaki-OP1.webm,https://drive.google.com/file/d/1y_h5oILirJUJV06cq4Nr9UBN5XS75_tW/view?usp=drivesdk
TsuihouShiroMadoushi-OP1.webm,https://drive.google.com/file/d/1EORv7jhKM8k-JTlCWbWv8ST6jh5fTc3y/view?usp=drivesdk
WatariKunNoxxGaHoukaiSunzen-OP1.webm,https://drive.google.com/file/d/1jFWmW4cQRXe6wo0mbNi8DOBFSzoljCSX/view?usp=drivesdk
OnmyoKaitenReVerse-OP1.webm,https://drive.google.com/file/d/1PG3RRVFL55QlLCEgjF5S_9tYDj4M5PzZ/view?usp=drivesdk
YofukashiNoUtaS2-OP1.webm,https://drive.google.com/file/d/1uP49TwQzABdbdXpQaeTJkRNQqx0Sk1Ra/view?usp=drivesdk
Mizuzoku-OP1.webm,https://drive.google.com/file/d/1T8pz1dl9Y2_aHfWhzvTqHKYosJg7AlRN/view?usp=drivesdk
TsuyokuteNewSaga-OP1.webm,https://drive.google.com/file/d/1hGSjiqnmWbwQODf_VWWUM2iDm4rnTrBi/view?usp=drivesdk
JigokuSenseiNube2025-OP1.webm,https://drive.google.com/file/d/1AMRLlFpMQlZqlA8NHkmnGxIHNn4vZwFk/view?usp=drivesdk
BadGirl-OP1.webm,https://drive.google.com/file/d/1LPytyGqBX0PQKoSpqfJmgO95hdIg3a_y/view?usp=drivesdk
TakopiiNoGenzai-OP1.webm,https://drive.google.com/file/d/1mmwQM8b1_f9o3HWLn0Gtl-81OXzVj3lr/view?usp=drivesdk
SilentWitch-OP1.webm,https://drive.google.com/file/d/1JBtM3go7MycuSzlGNczq5taNQMVoE5Pl/view?usp=drivesdk
Tsuishoku-OP1.webm,https://drive.google.com/file/d/1-eJ-Z2FzA6AAeNKCrR9eFATWp1rxuQeS/view?usp=drivesdk
DandadanS2-OP1.webm,https://drive.google.com/file/d/1n7v45I8xWes244q-9lvFcCsvfDF5_cdr/view?usp=drivesdk
KijinGentoushou-OP2.webm,https://drive.google.com/file/d/1RvEE53TrmdhEp8pWkES6NK2kcLifkNSb/view?usp=drivesdk
WitchWatch-OP3.webm,https://drive.google.com/file/d/1HNht5TkPhuahygvpdHT94kMeGUmE7vv2/view?usp=drivesdk
Lazarus-OP1.webm,https://drive.google.com/file/d/19wFQpoT3P6heRfzXL8YtR7h_R4T4ry1k/view?usp=drivesdk
UchuujinMuuMuu-OP2.webm,https://drive.google.com/file/d/17UvBJ52TiLGO37WPwCaZ33OBLhTtbofA/view?usp=drivesdk
WitchWatch-OP2.webm,https://drive.google.com/file/d/1LvSQ2qcqJT7SozZndF-amCgzbNh2XFjr/view?usp=drivesdk
Moonrise-OP1.webm,https://drive.google.com/file/d/1Q6tp6jq1yxMo3U7t0OQMX9w9HPCKpiIW/view?usp=drivesdk
PrincessionOrchestra-OP1.webm,https://drive.google.com/file/d/1aIcbRXkgFuvZTK16djwXhnWaevMk59gz/view?usp=drivesdk
SentaiDaishikkakuS2-OP1.webm,https://drive.google.com/file/d/1dKttcUj_fbTNpwDmmOhZFDRk_ESlWnfb/view?usp=drivesdk
Shirohiyo-OP1.webm,https://drive.google.com/file/d/1Rs0SoaWdSbGPUNnqOJ5r3ATAJAr5nUBG/view?usp=drivesdk
KijinGentoushou-OP1.webm,https://drive.google.com/file/d/1rTCciE9J6GuI_j8yCo_0WhoytgE90NCk/view?usp=drivesdk
Mono-OP1.webm,https://drive.google.com/file/d/1X77rR-QZsO41jn_dJ9tpLUckGuIGp1rV/view?usp=drivesdk
AnneShirley-OP1.webm,https://drive.google.com/file/d/1W7l4fFFrYWIfBEsWvZKzBIL47s4vPOE4/view?usp=drivesdk
Teogonia-OP1.webm,https://drive.google.com/file/d/1EgW4ULXXmSlwmQIkpA8iZm83spfRB9Pj/view?usp=drivesdk
GundamGquuuuuux-OP1.webm,https://drive.google.com/file/d/1ji4vYsqJ43l3cdoIPdJBMkYbLTj8GOwa/view?usp=drivesdk
ApocalypseHotel-OP1.webm,https://drive.google.com/file/d/1PZ8k2bGKoy7hBS8XZD5Bcf32UuC3qUPg/view?usp=drivesdk
Aimodarkelf-OP1.webm,https://drive.google.com/file/d/1t2onBSnolKDw26CR708UJXvGufHC4gku/view?usp=drivesdk
HanaDoll-OP1.webm,https://drive.google.com/file/d/1vBQJyusXHEDNWH4pigA7iuYXbYbpn5Iv/view?usp=drivesdk
YamiHealer-OP1.webm,https://drive.google.com/file/d/1Gt9ON92a9LwdHeTEvS4iypeAg-ooAbiT/view?usp=drivesdk
NinKoro-OP1.webm,https://drive.google.com/file/d/1l1sb505sHe20Y3RxXf9y0FDo9hVKKE_b/view?usp=drivesdk
MaebashiWitches-OP1.webm,https://drive.google.com/file/d/1LLPst7xiaktlZQ83h4ABbcXWo9-616zG/view?usp=drivesdk
Slime300S2-OP1.webm,https://drive.google.com/file/d/1yWymtE4q7-3b-qvDKtjPT3NAGd5jQeGz/view?usp=drivesdk
Hibimeshi-OP1.webm,https://drive.google.com/file/d/1RIAGyjPZVwS-7cAq8MFzOMdWdrBipsU8/view?usp=drivesdk
RockLady-OP1.webm,https://drive.google.com/file/d/1Iq29QSJ7v8xvtzr6X-eESstJsW3Q1pIf/view?usp=drivesdk
YourForma-OP1.webm,https://drive.google.com/file/d/1Upq1PGCrtBEIzkTZAjX-9AIiR1Lo6epu/view?usp=drivesdk
OreAku-OP1.webm,https://drive.google.com/file/d/1moE7XMkYjS1zP0l3BcaAZs9xjrKa5RjN/view?usp=drivesdk
UchuujinMuuMuu-OP1.webm,https://drive.google.com/file/d/1zbmke7fIBE7iEgdz2l3J2YatXySWHoQw/view?usp=drivesdk
Kanpekiseijo-OP1.webm,https://drive.google.com/file/d/1nzKS_opOrfQivVBZMZ-IrxUMQqoFncmY/view?usp=drivesdk
HimitsuNoAiPriRingHen-OP1.webm,https://drive.google.com/file/d/1hDWTrYVGfJ0I-sZ_ay04otwo_ua7ZzQ6/view?usp=drivesdk
AruMajo-OP1.webm,https://drive.google.com/file/d/1sG60oPHvOxTDLX66rmacpAhFupka7g9A/view?usp=drivesdk
ShiunjiKeNoKodomotachi-OP1.webm,https://drive.google.com/file/d/1PRqRhMVD9tkZrnZjZL929nHgcGOshUSc/view?usp=drivesdk
EverydayHost-OP1.webm,https://drive.google.com/file/d/1n1NBTAb9loO3wvjAqYMCZByIe8hYewg3/view?usp=drivesdk
ChuuzenjiSensei-OP1.webm,https://drive.google.com/file/d/1E3PTDQ-elx00rmZ430p1AKvIpTVF1uuc/view?usp=drivesdk
Compass20-OP1.webm,https://drive.google.com/file/d/16QgXh6gtinDuzHaKCmGVLCokWHOQq8hw/view?usp=drivesdk
BokuNoHeroAcademiaVigilante-OP1.webm,https://drive.google.com/file/d/1fhXAgj-NIheOWxYjqi_E3aXQzdrsvVRa/view?usp=drivesdk
AharenSanWaHakarenaiS2-OP1.webm,https://drive.google.com/file/d/1sfcLluWICUp5hCHfLCPVciui1kMysgrI/view?usp=drivesdk
ZatsuTabi-OP1.webm,https://drive.google.com/file/d/1-S0IZzf5469pRjBuTYAT5Bhgf4QENTvx/view?usp=drivesdk
SummerPockets-OP1.webm,https://drive.google.com/file/d/1wIWNVLlKiEaRIJrnYMw0s68DnEq-1lEk/view?usp=drivesdk
GorillaNoKami-OP1.webm,https://drive.google.com/file/d/1uoV0covSHgq1WWXgFmqtwmlh8ZBRjzvg/view?usp=drivesdk
UmaMusumeCinderellaGray-OP1.webm,https://drive.google.com/file/d/1DvjjVRlk7yveAVeHoDBjJezUTObR_iHq/view?usp=drivesdk
KuroshitsujiMidoriNoMajoHen-OP1.webm,https://drive.google.com/file/d/1yC91zLwFKVxB4XJJmn4XU_OX2SXbQp7a/view?usp=drivesdk
MakinaSan-OP1.webm,https://drive.google.com/file/d/1Bf_n4Mra1piDP7au8sfsSBjiA3wpq0Uf/view?usp=drivesdk
ToBeHeroX-OP1.webm,https://drive.google.com/file/d/1Eqsl0cL0k5mT9vzlV0TrLdzNBXGFy62v/view?usp=drivesdk
MasudaKousukeGekijouGagMangaBiyoriS5-OP1.webm,https://drive.google.com/file/d/1DAZTKR9DvTD0pg5impkqrEQeGYxcV303/view?usp=drivesdk
WitchWatch-OP1.webm,https://drive.google.com/file/d/13GmKSoZGm9aP0v5k8TcmrCX9zqHXdb7W/view?usp=drivesdk
ClassicStars-OP1.webm,https://drive.google.com/file/d/1sr07hnTbgVlzgPysOLw_f_WbE5jLPJnj/view?usp=drivesdk
OssanKensei-OP1.webm,https://drive.google.com/file/d/1u9ggNFTCYHnvbNlwvHxthf41ZFEYFR2q/view?usp=drivesdk
ShinSamuraiDenYaiba-OP1.webm,https://drive.google.com/file/d/1ymmxBPHHtLb12sfTvtIDU_wiRbojZ341/view?usp=drivesdk
ShoushiminSeriesS2-OP1.webm,https://drive.google.com/file/d/1Uf2gDaniZv-FKBSDmuFbLKkSh2JBSYnl/view?usp=drivesdk
GuiltyGearStriveDualRulers-OP1.webm,https://drive.google.com/file/d/1litVEEqMfTAc8-yNUOxMDeb1Pem-mDTx/view?usp=drivesdk
KowloonGenericRomance-OP1.webm,https://drive.google.com/file/d/1PrhgyKSAI_KJnGrG2pGJUBogChnh7-be/view?usp=drivesdk
Nazod-OP1.webm,https://drive.google.com/file/d/1ZsuMrrm3vyET8fu2sSeT-5hyvTZYwvSj/view?usp=drivesdk
ByeByeEarthS2-OP1.webm,https://drive.google.com/file/d/1EuKIJLyDyGJekrxjNwS1C9rrLjooWrXO/view?usp=drivesdk
EnenNoShouboutaiS3-OP1.webm,https://drive.google.com/file/d/17SoXjt5MwXlfxELMso04sbAFM1sJt3aj/view?usp=drivesdk
MiruWatashiNoMirai-OP1.webm,https://drive.google.com/file/d/1YK8kuqNaWFA1bgIXqQP-ZfLVDBPaIgPF/view?usp=drivesdk
Danjoru-OP1.webm,https://drive.google.com/file/d/1uD8MiVvEUZC8gnYKaycgHv1JnWS3gwSY/view?usp=drivesdk
WindBreakerS2-OP1.webm,https://drive.google.com/file/d/1JriVCEI0LPoir7e7b-4AcpwnDmj_Lht9/view?usp=drivesdk
TheBeginningAfterTheEnd-OP1.webm,https://drive.google.com/file/d/1PRV0o29OiIK0XSwxKFHWEr826wbE4354/view?usp=drivesdk
TakamineSan-OP1.webm,https://drive.google.com/file/d/1zblT4ueXk8rhVpnbK-wZ0ZnuyqwfYMKd/view?usp=drivesdk
Ballpark-OP1.webm,https://drive.google.com/file/d/1Dn3AeUISIbE_sE8XLO4kvUtcReWKzVN5/view?usp=drivesdk
KanchigaiNoAtelierMeister-OP1.webm,https://drive.google.com/file/d/1A0oJvzAcX6RoO--V6RK2c8gcXjJGB3cR/view?usp=drivesdk
ShiguangDailirenYingduPian-OP1.webm,https://drive.google.com/file/d/1FEiS9782icX5Pbs7cid397BgsTgbDUP7/view?usp=drivesdk
KusuriyaNoHitorigotoS2-OP2.webm,https://drive.google.com/file/d/1s8I3yHHtkxvTo8NYQwjS4HBE5I-Ga_0M/view?usp=drivesdk
CardfightVanguardDivinezS3-OP1.webm,https://drive.google.com/file/d/1aMV5n2fgvgrK-wadgQsf5_yb0P9d0_i1/view?usp=drivesdk
KimiToIdolPrecure-OP1.webm,https://drive.google.com/file/d/1LAoBMo5UaULl0bStpwjbMueWWAy87yVY/view?usp=drivesdk
IsekaiRed-OP1.webm,https://drive.google.com/file/d/1FXctV65kK06yZS03he5ueqIxUKe8o0B2/view?usp=drivesdk
UniteUpS2-OP1.webm,https://drive.google.com/file/d/1z8aF7h-evu5OD82ShJMYOXYlpnUJgwSy/view?usp=drivesdk
IshuraS2-OP1.webm,https://drive.google.com/file/d/1ZkxfiRZoK5xfTfFQDmWt8CQxkl38Xf8G/view?usp=drivesdk
KinnikumanKanpekiChoujinShisoHenS2-OP1.webm,https://drive.google.com/file/d/14kGUi22EG_93WiyBtJO7cDRnUuYOQ3EF/view?usp=drivesdk
Zenshuu-OP1.webm,https://drive.google.com/file/d/1u7xqknTluvIQRteQT_fskHeWyvV_e-Ia/view?usp=drivesdk
HyakkanoS2-OP1.webm,https://drive.google.com/file/d/1lT0IKCuv0V76OSGSUfoJHcW7W5UCBeFL/view?usp=drivesdk
JibakuShounenHanakoKunS2-OP1.webm,https://drive.google.com/file/d/1ur-yMQfsOUCAYAtnc_z_FKM2Krgyj9Ie/view?usp=drivesdk
Aparida-OP1.webm,https://drive.google.com/file/d/1r5rMXHp_YUvqA6Gjkmoy6aYZhltbs7JM/view?usp=drivesdk
BabanbabanbanVampire-OP1.webm,https://drive.google.com/file/d/1kbtU5psL4UJZIRJbmoKGROW6GUzb7qbo/view?usp=drivesdk
Medalist-OP1.webm,https://drive.google.com/file/d/10ctV0PykaW3Z7BI27k4zAZQS9rZC9tPV/view?usp=drivesdk
MahoutsukaiPrecureMiraiDays-OP1.webm,https://drive.google.com/file/d/1MmBIcrUJQ2aCMxL-qvbOZyS1W6z_Kp1C/view?usp=drivesdk
SakamotoDays-OP1.webm,https://drive.google.com/file/d/1VG-6KsIMJW9b1navBBEgpfc1Lgw3w2yP/view?usp=drivesdk
UbelBlatt-OP1.webm,https://drive.google.com/file/d/1NfiaphXN7Br27Norue4rJXFnuW_SDiII/view?usp=drivesdk
Girumasu-OP1.webm,https://drive.google.com/file/d/1uFYPgIByqVl73cg41SsZO9tmSBQVlb5L/view?usp=drivesdk
KusuriyaNoHitorigotoS2-OP1.webm,https://drive.google.com/file/d/1wEg0b6yLLLCUd0s8eK35P6rvN4KSCaAW/view?usp=drivesdk
WelcomeElfSan-OP1.webm,https://drive.google.com/file/d/1VoyalNgtBnjl660TItqHHhDzk-vT25FN/view?usp=drivesdk
Farmagia-OP1.webm,https://drive.google.com/file/d/1HDGJLOmQykjRNypjbk-LR4rUPj0iXUGy/view?usp=drivesdk
Koishima-OP1.webm,https://drive.google.com/file/d/1yqEpvV--oQIiOcpPN8vRFV3Erq58McYl/view?usp=drivesdk
SouseiNoAquarionMythOfEmotions-OP1.webm,https://drive.google.com/file/d/1ex9uPpFTbHu6HMJ2VEGfYLTYAxfnj7i9/view?usp=drivesdk
TenseiOjisan-OP1.webm,https://drive.google.com/file/d/1_bJ8uoBDixzfV5s-_uM9vlGiL1VNR-Hz/view?usp=drivesdk
Fugukan-OP1.webm,https://drive.google.com/file/d/1iKUvB1yleEK5hv_iQn3-r6lKwWa7UF7e/view?usp=drivesdk
BangDreamAveMujica-OP1.webm,https://drive.google.com/file/d/1nUZEuN6OkgSobzzU-tmBhJXaky91hlmO/view?usp=drivesdk
DrStoneS4-OP1.webm,https://drive.google.com/file/d/1FldLAyjGCGyZ45UASoRzMWB1jCv6F1eM/view?usp=drivesdk
ArafoTsuhan-OP1.webm,https://drive.google.com/file/d/1cymngxfx0Wg7bT7yXhTDx9mfNhgU-YJZ/view?usp=drivesdk
HoneyLemonSoda-OP1.webm,https://drive.google.com/file/d/16njrSdusJHynZ6zzf_mxeRy4-JMC1ZjN/view?usp=drivesdk
GrisaiaPhantomTriggerTV-OP1.webm,https://drive.google.com/file/d/1-RpkVBBRi-3uXWpZz7OkuFySMME29oYB/view?usp=drivesdk
MagicMaker-OP1.webm,https://drive.google.com/file/d/15qYMywQ2ps1W_IaiN5NahOsPCcYReoEs/view?usp=drivesdk
Hanashura-OP1.webm,https://drive.google.com/file/d/1F9Yr5bkEJ0xRAXwW4HNpPkNxNm2kzeKz/view?usp=drivesdk
UnnamedMemoryS2-OP1.webm,https://drive.google.com/file/d/1pp8ILsOabxuNt4gIh7ZDN0laXhELBXcL/view?usp=drivesdk
BotsurakuKizoku-OP1.webm,https://drive.google.com/file/d/1MpZRnh9PesXRjxLm9_zU5emmr6mAFTfb/view?usp=drivesdk
MahoutsukaiNoYakusoku-OP1.webm,https://drive.google.com/file/d/1hy9fnRo59AqakljoMy68t3S0bu2rpFVK/view?usp=drivesdk
KonoSuki-OP1.webm,https://drive.google.com/file/d/1U8_Wonp8fAytMDX7A_nDbSBBB7m_aCdv/view?usp=drivesdk
Medakawa-OP1.webm,https://drive.google.com/file/d/1GQn0Uvr-MZVpTgUaoYrv_H_xU6yA5NPQ/view?usp=drivesdk
WatashiNoShiawaseS2-OP1.webm,https://drive.google.com/file/d/1Jl0dDlRB_ZZOqNVBLrP_hq4P4GPog5i2/view?usp=drivesdk
KisakiKyouiku-OP1.webm,https://drive.google.com/file/d/12HWYMPqq_6DZTy9y_DXuFe7umXQZIteE/view?usp=drivesdk
NEETKunoichi-OP1.webm,https://drive.google.com/file/d/1cVncaE_hWEqji-CSNfGNTfXVD5IaAjYx/view?usp=drivesdk
Okitsura-OP1.webm,https://drive.google.com/file/d/1jyHRFHbpIpqgHH3-q914-CuxQgZVSxjb/view?usp=drivesdk
AoNoExorcistS5-OP1.webm,https://drive.google.com/file/d/1rBEMa9i02iRWGDjnMglX2fKWwHipyxXF/view?usp=drivesdk
SoloLevelingS2-OP1.webm,https://drive.google.com/file/d/1znpvlvnTIH4-ef82MzyfW_hzjRsKig76/view?usp=drivesdk
Beheneko-OP1.webm,https://drive.google.com/file/d/12EACmQuomVibpT-SPoIyGRuJMcKKg0YJ/view?usp=drivesdk
Kurakon-OP1.webm,https://drive.google.com/file/d/1pYVgapMLGyj9KJbMCuD_aUCzbyskrfoC/view?usp=drivesdk
TasokareHotel-OP1.webm,https://drive.google.com/file/d/1MxphWdlaPHTk0RqPW1K00LbQ_T3pleXz/view?usp=drivesdk
SorairoUtilityTV-OP1.webm,https://drive.google.com/file/d/1mwnR-UZbAn4onqAJ_uHoPCx-JcUHfTi5/view?usp=drivesdk
MomentaryLily-OP1.webm,https://drive.google.com/file/d/1cAsR8xq-XD-Aqb0Mo0HrL8KcO_gYDffJ/view?usp=drivesdk
KinomiMaster-OP1.webm,https://drive.google.com/file/d/1S7fN8vdMPJcQ2kdHARhUVJYbVM-DQTKf/view?usp=drivesdk
AmekuTakaoNoSuiriKarte-OP1.webm,https://drive.google.com/file/d/1Aw2avmlqxaqDJvF1-r8C1S8ucOwnCz1I/view?usp=drivesdk
IzureSaikyou-OP1.webm,https://drive.google.com/file/d/1wPNQXMyIbGvsN083Yt1_dUvNBEHV23A9/view?usp=drivesdk
SalarymanBig4-OP1.webm,https://drive.google.com/file/d/1-5HP7MFd-Nle_pn4lcBJ5h9E-S-Fe6BZ/view?usp=drivesdk
Nuevo documento de texto.txt,https://drive.google.com/file/d/1PKAW-dPRjt4sHtCkEhmBM5tr7eqegv9w/view?usp=drivesdk